-- phpMyAdmin SQL Dump
-- version 5.2.0
-- https://www.phpmyadmin.net/
--
-- Servidor: 127.0.0.1
-- Tiempo de generación: 29-12-2022 a las 23:53:56
-- Versión del servidor: 10.4.24-MariaDB
-- Versión de PHP: 8.1.6

SET SQL_MODE = "NO_AUTO_VALUE_ON_ZERO";
START TRANSACTION;
SET time_zone = "+00:00";


/*!40101 SET @OLD_CHARACTER_SET_CLIENT=@@CHARACTER_SET_CLIENT */;
/*!40101 SET @OLD_CHARACTER_SET_RESULTS=@@CHARACTER_SET_RESULTS */;
/*!40101 SET @OLD_COLLATION_CONNECTION=@@COLLATION_CONNECTION */;
/*!40101 SET NAMES utf8mb4 */;

--
-- Base de datos: `proyectofinalcac`
--

-- --------------------------------------------------------

--
-- Estructura de tabla para la tabla `localidades`
--

CREATE TABLE `localidades` (
  `idlocalidad` int(11) NOT NULL,
  `nombrelocalidad` varchar(40) COLLATE utf8mb4_spanish_ci NOT NULL,
  `idprovincialocalidad` int(11) NOT NULL
) ENGINE=InnoDB DEFAULT CHARSET=utf8mb4 COLLATE=utf8mb4_spanish_ci;

--
-- Volcado de datos para la tabla `localidades`
--

INSERT INTO `localidades` (`idlocalidad`, `nombrelocalidad`, `idprovincialocalidad`) VALUES
(1, 'Moreno', 2),
(2, 'Paraná', 1),
(3, 'San Fernando del Valle de Catamarca', 3),
(4, 'Resistencia', 4),
(5, 'Rawson', 5),
(6, 'Córdoba', 6),
(7, 'Corrientes', 7),
(8, 'Formosa', 8),
(9, 'San Salvador de Jujuy', 9),
(10, 'Santa Rosa', 10),
(11, 'Ciudad de La Rioja', 11),
(12, 'Mendoza', 12),
(13, 'Posadas', 13),
(14, 'Neuquén', 14),
(15, 'Viedma', 15),
(16, 'Salta', 16),
(17, 'Ciudad de San Juan', 17),
(18, 'San Luis', 18),
(19, 'Río Gallegos', 19),
(20, 'Santa Fe de la Vera Cruz', 20),
(21, 'Ciudad de Santiago del Estero', 21),
(22, 'San Miguel de Tucumán', 23),
(23, 'Ushuaia', 22);

-- --------------------------------------------------------

--
-- Estructura de tabla para la tabla `pedidos`
--

CREATE TABLE `pedidos` (
  `idpedido` int(11) NOT NULL,
  `nombre` varchar(40) COLLATE utf8mb4_spanish_ci NOT NULL,
  `apellido` varchar(40) COLLATE utf8mb4_spanish_ci NOT NULL,
  `usuario` varchar(20) COLLATE utf8mb4_spanish_ci NOT NULL,
  `mail` varchar(30) COLLATE utf8mb4_spanish_ci NOT NULL,
  `lugarentrega` varchar(80) COLLATE utf8mb4_spanish_ci NOT NULL,
  `localidad` int(11) NOT NULL,
  `provincia` int(11) NOT NULL,
  `codpostal` varchar(9) COLLATE utf8mb4_spanish_ci NOT NULL,
  `formaPago` varchar(1) COLLATE utf8mb4_spanish_ci NOT NULL,
  `tarjetaTitular` varchar(40) COLLATE utf8mb4_spanish_ci NOT NULL,
  `tarjetaNumero` int(16) NOT NULL,
  `tarjetaVencimiento` int(10) NOT NULL,
  `tarjetaClave` int(4) NOT NULL
) ENGINE=InnoDB DEFAULT CHARSET=utf8mb4 COLLATE=utf8mb4_spanish_ci;

-- --------------------------------------------------------

--
-- Estructura de tabla para la tabla `provincias`
--

CREATE TABLE `provincias` (
  `idprovincia` int(11) NOT NULL,
  `nombre` varchar(40) COLLATE utf8mb4_spanish_ci NOT NULL
) ENGINE=InnoDB DEFAULT CHARSET=utf8mb4 COLLATE=utf8mb4_spanish_ci;

--
-- Volcado de datos para la tabla `provincias`
--

INSERT INTO `provincias` (`idprovincia`, `nombre`) VALUES
(1, 'Entre Ríos'),
(2, 'Buenos Aires'),
(3, 'Catamarca'),
(4, 'Chaco'),
(5, 'Chubut'),
(6, 'Córdoba'),
(7, 'Corrientes'),
(8, 'Formosa'),
(9, 'Jujuy'),
(10, 'La Pampa'),
(11, 'La Rioja'),
(12, 'Mendoza'),
(13, 'Misiones'),
(14, 'Neuquén'),
(15, 'Río Negro'),
(16, 'Salta'),
(17, 'San Juan'),
(18, 'San Luis'),
(19, 'Santa Cruz'),
(20, 'Santa Fe'),
(21, 'Santiago del Estero'),
(22, 'Tierra del Fuego'),
(23, 'Tucumán');

-- --------------------------------------------------------

--
-- Estructura de tabla para la tabla `usuarios`
--

CREATE TABLE `usuarios` (
  `idusuario` int(11) NOT NULL,
  `usuario` varchar(20) COLLATE utf8mb4_spanish_ci NOT NULL,
  `clave` varchar(20) COLLATE utf8mb4_spanish_ci NOT NULL,
  `nombreyapellido` varchar(40) COLLATE utf8mb4_spanish_ci NOT NULL
) ENGINE=InnoDB DEFAULT CHARSET=utf8mb4 COLLATE=utf8mb4_spanish_ci;

--
-- Volcado de datos para la tabla `usuarios`
--

INSERT INTO `usuarios` (`idusuario`, `usuario`, `clave`, `nombreyapellido`) VALUES
(1, 'prueba@gmail.com', '123123', 'Santiago Lescano'),
(2, 'miemail@gamil.com', 'qwerty', 'Juan Perez');

--
-- Índices para tablas volcadas
--

--
-- Indices de la tabla `localidades`
--
ALTER TABLE `localidades`
  ADD PRIMARY KEY (`idlocalidad`),
  ADD UNIQUE KEY `locProvincia` (`idlocalidad`),
  ADD KEY `idprovincialocalidad` (`idprovincialocalidad`);

--
-- Indices de la tabla `pedidos`
--
ALTER TABLE `pedidos`
  ADD PRIMARY KEY (`idpedido`);

--
-- Indices de la tabla `provincias`
--
ALTER TABLE `provincias`
  ADD PRIMARY KEY (`idprovincia`);

--
-- Indices de la tabla `usuarios`
--
ALTER TABLE `usuarios`
  ADD PRIMARY KEY (`idusuario`);

--
-- AUTO_INCREMENT de las tablas volcadas
--

--
-- AUTO_INCREMENT de la tabla `localidades`
--
ALTER TABLE `localidades`
  MODIFY `idlocalidad` int(11) NOT NULL AUTO_INCREMENT, AUTO_INCREMENT=24;

--
-- AUTO_INCREMENT de la tabla `pedidos`
--
ALTER TABLE `pedidos`
  MODIFY `idpedido` int(11) NOT NULL AUTO_INCREMENT;

--
-- AUTO_INCREMENT de la tabla `provincias`
--
ALTER TABLE `provincias`
  MODIFY `idprovincia` int(11) NOT NULL AUTO_INCREMENT, AUTO_INCREMENT=24;

--
-- AUTO_INCREMENT de la tabla `usuarios`
--
ALTER TABLE `usuarios`
  MODIFY `idusuario` int(11) NOT NULL AUTO_INCREMENT, AUTO_INCREMENT=3;

--
-- Restricciones para tablas volcadas
--

--
-- Filtros para la tabla `localidades`
--
ALTER TABLE `localidades`
  ADD CONSTRAINT `localidades_ibfk_1` FOREIGN KEY (`idprovincialocalidad`) REFERENCES `provincias` (`idprovincia`);
COMMIT;

/*!40101 SET CHARACTER_SET_CLIENT=@OLD_CHARACTER_SET_CLIENT */;
/*!40101 SET CHARACTER_SET_RESULTS=@OLD_CHARACTER_SET_RESULTS */;
/*!40101 SET COLLATION_CONNECTION=@OLD_COLLATION_CONNECTION */;
